model_id,dna_sequence,aminocoumarin antibiotic,aminoglycoside antibiotic,antibacterial free fatty acids,bicyclomycin-like antibiotic,carbapenem,cephalosporin,cycloserine-like antibiotic,diaminopyrimidine antibiotic,diarylquinoline antibiotic,disinfecting agents and antiseptics,elfamycin antibiotic,fluoroquinolone antibiotic,fusidane antibiotic,glycopeptide antibiotic,glycylcycline,isoniazid-like antibiotic,lincosamide antibiotic,macrolide antibiotic,monobactam,mupirocin-like antibiotic,nitrofuran antibiotic,nitroimidazole antibiotic,nucleoside antibiotic,orthosomycin antibiotic,oxazolidinone antibiotic,pactamycin-like antibiotic,penicillin beta-lactam,peptide antibiotic,phenicol antibiotic,phosphonic acid antibiotic,pleuromutilin antibiotic,polyamine antibiotic,pyrazine antibiotic,rifamycin antibiotic,salicylic acid antibiotic,streptogramin A antibiotic,streptogramin B antibiotic,streptogramin antibiotic,sulfonamide antibiotic,sulfone antibiotic,tetracycline antibiotic,thioamide antibiotic,zoliflodacin-like antibiotic,has_ambiguous
803,ATGATGAAAGGTTGGATGAAGTGCACATTAGCCGGGGCCGTGGTGCTGATGGCGAGTTTCTGGGGTGGCAGCGTGCGGGCGGCGGGGATCTCCCTTAAGCAGGTGAGTGGCCCTGTGTATGTGGTTGAAGATAACTACTACGTAAAGGAAAACTCCGTGGTCTATTTCGGGGCCAAGGGGGTGACGGTGGTGGGGGCGACCTGGACGCCGGATACCGCCCGCGAGCTGCACAAGCTGATCAAACGGGTCAGCAGCAAGCCGGTGCTGGAGGTGATCAACACCAACTACCACACCGATCGGGTGGGCGGTAATGCCTACTGGAAGTCCATCGGGGCCAAGGTGGTGGCGACGCGCCAGACCCGGGATCTGATGAAGAGCGACTGGGCCGAGATTGTCGCCTTTACCCGCAAGGGGCTGCCGGAGTATCCGGATCTGCCGCTGGTGCTGCCCAACGTGGTGCACGATGGCGACTTCACCCTGCAAGAGGGCAAGGTGCGCGCTTTCTACGCGGGCCCGGCCCATACGCCGGACGGCATCTTTGTCTACTTCCCTGACGAGCAGGTGCTTTATGGCAACTGCATCCTCAAGGAGAAGCTGGGCAACCTGAGCTTTGCCAATGTGAAGGCCTATCCGCAGACCATCGAGCGGCTTAAAGCGATGAAGTTGCCGATCAAGACGGTGATTGGNGGTCACGACTCGCCGCTGCATGGCCCCGAGCTGATTGATCACTACGAGGAGCTGATCAAGGCGGCCGCCGCAGTCTAA,0,0,0,0,1,0,0,0,0,0,0,0,0,0,0,0,0,0,0,0,0,0,0,0,0,0,0,0,0,0,0,0,0,0,0,0,0,0,0,0,0,0,0,True
910,ATGAGCGGGCGTCTGGTCGTGGATCTTCAGGACGTCGACGCGGCGGGGCTCGCCGAGGTCGGCGGCAAGGGCGCCCACCTGGGCGAGCTGTCCCGGATCGACGGGGTCCGGGTGCCGTCCGGGTTCTGTGTGACGACGCACGCCTTCCGGCGGATCATGGCGGAGGCACCCGAGAGCGGGGAACTCCTCGACCGGCTGTCCCGCGTGGACGAGGGCGACCAGGAGGCGGTCCGATCCCTCGCCGCCCGTCTACGGCAGGTCGTCGGGGCGACGCCCCTCCCGGACGAGGTGGCGGCGGCCGTCACCGGGGCGCTCGCCCGGCACGGTGAGCGGTCCGCGTACGCCGTACGGTCCAGCGCGACGGCCGAGGACCTGCCGACCGCGTCGTTCGCCGGCCAGCAGGACACGTACCTGAACGTCGTCGGCACCGAGGAGATCCTCCGGCACGTCAGCCGGTGCTGGGCCTCCCTGTTCACCGAGCGGGCGGTGACCTACCGCGGGCGTCAGGGCGTCGACCACCGTACGGTCCACATGGGCGTGGTCGTGCAGCGGATGGTCGTGCCGCGGGCGTCCGGCATCCTGTTCACCGCCGACCCGGTGACGGGAGACCGCCGCACGGCGACCGTGGACGCCGGTTTCGGTCTCGGCGAGGCCCTGGTGTCGGGGCTGGTCGACCCGGACGTCCTCACGGTGCGGCACGGCGAGGTCGTCGCGCGGACGATCGCCGCGAAGCGGCGCGCCCTGCACGCCGTGCAGGGCGGTGGGACGCGCGAGACCCCGATCGAGGAACGGCGGCAGCGCGAACCGGTACTGACGGACGATCAGGCCGTGGAGCTGGTCGCGCTCGGGCGGCGGATCGAGGCGCACTTCGGCAGCCCGCAGGACATCGAGTGGTGCCTGGACGACGACGGCTTCCACATCGTGCAGAGCCGGCCGATCACCACGCTGTTCCCCGTGCCCGAGCGGGACGACGACGTCTTCCGCGTCTATCTCTCGGTCGGCCACCAGCAGATGATGACCGACGCCATGAAGCCCCTGGGCCTCTCGATGTGGCGGCTGACGGCCCTGGCACCGATGTACGAGGCCGGCGGGCGGCTGTTCGTCGACGCCACCGCCCGGCTGGCGGTGCCCGGGAGCCGTGCCACTCTCCTGGACGTCGTCGGCCGTGGCGACCCGCTGACCCGGGACGCGCTCGAAACGGTCCTGGAGAACGGCGAGTTCGAGCCGACGCCGGCGGAGACGGACGGAGGCGCGCCGCCCGCCGGTGACGGGGCCGAACCGGACGAGGCCGATCCTTCCATCGTCACCGAGCTGATCGAGCGCAGCCGGCGCTCCCTCGCCGAGCTGGAGCGGGAGATCGGCACGAAGAGCGGTCCCGCCCTGTTCGCGTTCCTGCGGGAGGCGTTCGAGGAGCACAAGCGGGTGGTCGGCGATCCGCTGAACATCCGCGCGATCATGGCGGGCATGGAGGCCACCTGGTGGCTGAACGACCGGCTGGAGGAGTGGCTCGGCGAGAAGAACGCCGCCGACACGCTCACGCTGTCCGCCCCCGACAACGTGACCTCGGAGATGGGGCTGGAGCTGCTCGACGTCGCCGACGTGGTCCGCACGCACCCGGAGGTGGTGGCCTTCCTGGAGGGCGTCGAGGACGACGGCTTCCTGGACGAGCTGCCCAAGGTCCCCGGTGGCGCCGAGGCCCGGGACGCCTTCGAGGCATACCTGGACCGGTACGGCATGCGCTGCGTCGGCGAGATCGACATCACGNGGCCCCCGGTGCGGGAACGGCCCAGCGCGCTCGTGCCGGTCGTCCTCGACCACGTGCGCGCCTTCGGGCCCGGCGCCGCCGCGCGCCGCTTCGAGGACGGCCGGCGCAGGGCGCTCGCGAAGGAGCGTGAGGTGCTGGAGCGGCTGCGGGACCTGCCGGACGGGGAGCGCAGGGCCGACGCGGCGCGCCGGATGATCCGGCAGGTCCGCGCGTTCGCCGGCTACCGGGAGTACCCGAAGTACGCGATCGTCAGCCGCTCCTTCGTCTACCGTCAGGCCCTGCTGCGGGAGGCCGACGAGCTGGTGCGGGCCGGCGTCCTCGCCGACCGGGAGGACGTCCACTACCTGACGTTCGACGAGTTCGAGGAGGCCGTCCGCGTGCGCCGGGTGGACGAGCGGCTGGTGCGGCGCCGCAAGGACGCCTTCCGTTCGTACCAGGCGCTGACCCCGCCCCGCGTCCTCACCTCGGAGGGTGTGGCCCTCTCCGGGGCGTACCGGCGCGACGACGTGCCGGAAGGGGCGCTGGCGGGTCTCGCGGTGTCCGCGGGGACCGTGGAGGGCCGGGCCCGGGTGGTCCTCGACATGGCGGAGGCCGATCTGGAGGCGGGCGACATCCTGGTCACGCGGTTCACGGACCCCAGCTGGTCACCGCTGTTCGTCGGGATCGCGGGCCTGGTGACGGAGGTGGGCGGTCTGATGACCCATGGCGCGGTGATCGCCCGCGAGTACGGTCTGGCGGCCGTGGTCGGGGTGGAGCGGGCCACCCGGCTGATCCGGGACGGGCAGCGCATCCGGGTGCACGGGACGGAGGGCTATATCGAGCTTCTGTCCTGA,0,0,0,0,0,0,0,0,0,0,0,0,0,0,0,0,0,0,0,0,0,0,0,0,0,0,0,0,0,0,0,0,0,1,0,0,0,0,0,0,0,0,0,True
1773,ATGCCCCCATCTCACCACATGTTGCGCCCAATCGAACAATGTTCTATTCTATGGAACGACGTTCGATACTCGAACAGCGTTCGACTGAAGGAGGCCGGTATGACCGCCACAACTCAAGCCTCGGCACCCGCGGCACGTACCTATCTGTCGCTGCGCGCCGCGTGGATTCCGCTCTTCGCGCTCTGCCTCGCGTTCTTCGTGGAGATGGTTGACAACACCCTGCTCACGATCGCGCTGCCGACGATCGGGCGCGACCTCGGCGCGAGCGTCACCTCCTTGCAGTGGGTGACCGGCGCCTATTCGCTGACCTTTGGCGGCCTGTTGCTGACAGCGGGCTCGCTCGCCGACCGCTTTGGCCGGCGCCGCGTGCTGCAGATTGGCCTTCTCGCCTTTGGGCTCATCAGCCTCACGGTGATTGCCGTGGCAACCGCGGGCCAGCTGATCGCGGTGCGCGCTGCGCTCGGCCTCGCCGCCGCCGCGATGGCCCCAATCACCAACTCCCTCGTGTTCAGGCTGTTCGAGGGCGAGGACCTCCGTCGGCGGGCAATGACCCTCATGATCGTCGTCGGCATGAGCGGATTCATCCTTGGCCCGCTACTCGGCGGAACGGTTCTCGCTCACGCCAGCTGGCAGTGGTTGCTGCTTATCAACGCACCCATCGCGCTCATTGCGCTCATCGGCGTTCGCCTTGGCGTGCCTGCGGACGACGCCGAGGGACTCACAAAGGACCGCCTTGACGTGAAGGGCTCGGCACTCAGCATCGCCGCGATCGGCCTCGCTTGCTACACACTCACGAGCGGAGTGGAGCACGGCTGGATGTCTGCCGTCACCTGGGCCTGCGGGATCGGCGCGGCTGCCGCGCTGATGGGATTCGTGTGGCACGAGCGCCGCACCGATCACCCCATGCTGGACCTCGACGTCTTCAGGAACCGCACCGTTCGCGGCGCATCGATCGCCCAGGTAGGCACCTCAATCGCGATGGCTTCGCTGATGTTCGGCCTGATCCTTCACTTCCAGGGCGCGTACGGCTGGAGCCCCATGCGCGCCGGCCTCGCCAACCTGCCGCTCATCCTCACGATGATTCTTGCGACACCGGTCTCTGAGGGCCTCGCGAAGAGGTTCGGCCACCGCATTGCCATGCTCATCGGCGCGGGTCTCCTCGCCGGATCGCTCGCTGGCCTCGCGTGGGGCGTGGGGCATGGSTACCTCGTCATCGCGGTATTCATGGTGACCTTCACCCTCGGTCTCCGCACCGTTATGACGATCGCGGCGGTGGGCCTCGTTGGTGCGATGCCGGAGAACCGCACCTCGCTCGGCGCGGCACTCAACGACACCGCCCAAGAAGTAGGAACAAGCCTCGGCATGGCAGTGATCGGCACGCTCATCGCGGTGCTCGYCACCACGACGCTTCCCAACGGCGACKGGAGCCTCGACCTCGCGACTTCATACTTCGCCGGGGAGCGCATCGCTTATCTGTTCCTTGCCGTCGTAGTCGGAGTGATCGCGGGATGGGGCGCGCTCACGTTGTCCAACTCCAAGGAGATGGAAGACGTCCACTAG,0,0,0,0,0,0,0,0,0,0,0,0,0,0,0,0,0,0,0,0,0,0,0,0,0,0,0,0,0,0,0,0,0,0,0,0,0,0,0,0,1,0,0,True
1805,ATGAGTATTCAACATTTCCGTGTCGCCCTTATTCCCTTTTTTGCGGCATTTTGCTTTCCTGTTTTTGCTCACCCAGAAACGCTGGTGAAAGTAAAAGATGCTGAAGATCAGTTGGGTGCACGAGTGGGTTACATCGAGCTGGATCTCAACAGCGGTAAGATCCTTGAGAGTTTTCGCCCCGAAGAACGTTTTCCAATGATGAGCACTTTTAARGTTCTGCTATGTGGTGCGGTATTATCCCGTGTTGACGCCGGGCAAGAGCAACTCGGTCGCCGCATACACTATTCTCAGAATGACTTGGTTAAGTACTCACCAGTCACAGAAAAGCATCTTACGGATGGCATGACAGTAAGAGAATTATGCAGTGCTGCCATAACCATGAGTGATAACACTGCGGCCAACTTACTTCTGACAACGATCGGAGGACCGAAGGAGCTAACCGCTTTTTTGCACAACATGGGGGATCATGTAACCCGCCTTGATAGTTGGGAACCGGAGCTGAATGAAGCCATACCAAACGACGAGCGTGACACCACGACGCCTGCAGCAATGGCAACAACGTTGCGCAAACTATTAACTGGCGAACTACTTACTCTAGCTTCCCGGCAACAATTAATAGACTGGATGGAGGCGGATAAAGTTGCAGGACCACTTCTGCGCTCGGCCCTTCCGGCTGGCTGGTTTATTGCTGATAAATCTGGAACCGGTGAGCGTGGGTCTCGCGGTATCATTGCAGCACTGGGGCCAGATGGTAAGCCCTCCCGTATCGTAGTTATCTACACGACGGGGAGTCAGGCAACTATGGATGAACGAAATAGACAGATCGCTGAGATAGGTGCCTCACTGATTAAGCATTGGTAA,0,0,0,0,0,1,0,0,0,0,0,0,0,0,0,0,0,0,1,0,0,0,0,0,0,0,1,0,0,0,0,0,0,0,0,0,0,0,0,0,0,0,0,True
1842,ATGTCACTTAATGTAAAACAAAGTAGAATAGCCATCTTGTTTATCTCTTGTTTATTTTCAATATCATTTTTCTCACAGGCCAATACAAAGGGTATCGATGAGATTAAAAACCTTGAAACAGATTTCAATGGTAGAGTTGGTGTCTACGCTTTAGACACTGGCTCAGGTAAATCATTTTCGTACAAAGCAAATGAACGATTTCCATTATGTAGTTCTTTCAAAGGCTTTTTAGCTGCTGCTGTATTAAAAGGCTCTCAAGATAATCAACTCAATCTTAATCAGATCGTGAATTACAATACAAGAAGTTTAGAGTTCCATTCACCCATCACAACTAAATATAAAGATAATGGAATGTCATTAGGTGATATGGCTGCTGCCGCTTTACAATATAGCGACAATGGTGCTACTAATATTATTCTTGAACGTTATATCGGTGGTCCTGAGGGTATGACTAAATTCATGCGGTCGATTGGAGATGAAGATTTTAGACTCGATCGTTGGGAGTTAGATCTAAACACAGCTATTCCAGGCGATGAACGTGACACATCTACACCTGCAGCAGTAGCTAAGAGCCTGAAAACTCTTGCTCTGGGTAACATACTTAGTGAGCGTGAAAAGGAAACCTATCAGACATGGTTAAAGGGTAACACAACCGGTGCAGCGCGTATTCGTGCTAGCGTACCAAGCGATTGGGTAGTTGGCGATAAAACTGGTAGTTGCGGAGCATACGGTACTGCAAATGATTATGCGGTAGTCTGGCCAAAGAACCGGGCTCCTCTTATAATTTCTGTATACACAACAAAAAACGAAAAAGAAGCCAAGCATGAGGATAAAGTAATCGCAGAAGCTTCAAGAATYGCAATTGATAACCTTAAATAA,0,0,0,0,1,0,0,0,0,0,0,0,0,0,0,0,0,0,0,0,0,0,0,0,0,0,0,0,0,0,0,0,0,0,0,0,0,0,0,0,0,0,0,True
2039,ATGAAAAAGTTATTCCTGTTGGTTGGGCTGATGGTTTGCTCAACTGTTAGTTACGCCTCCAAATTAAACGAAGACATCTCCCTCATCGAGAAACAAACATCTGGGCGAATTGGAGTGTCAGTCTGGGATACACAAACGGACGAGCGTTGGGATTATCGCGGAGACGAACGTTTCCCATTAATGAGCACATTCAAAACGTTAGCGTGTGCCACCATGCTAAGCGACATGGACAGCGGCAAACTCAACAAAAATGCCACAGCGAAAATCGATGAACGCAATATTGTGGTTTGGTCTCCGGTGATGGATAAACTGGCTGGACAAAGCACACGYATCGAACACGCTTGTGAAGCCGCCATGTTGATGAGCGACAACACCGCCGCGAACTTAGTGCTAAATGAAATTGGTGGTCCTAAAGCGGTCACGCTGTTTTTGCGATCTATTGGCGACAAAGCAACGCGACTTGACCGATTGGAACCCCGTTTGAATGAAGCAAAACCGGGCGACAAGCGAGACACCACAACGCCTAACGCCATGGTAAACACCCTACATACCTTGATGGAAGATAACGCCCTATCTTACGAGTCACGCACACAGCTGAAAATCTGGATGCAAGACAACAAAGTATCGGATTCKCTCATGCGCTCTGTTCTGCCAAAAGGCTGGTCGATTGCAGACCGCTCTGGCGCAGGTAACTACGGTTCACGCGGCATTAGCGCGATGATCTGGAAAGACAACTACAAGCCGGTTTACATCAGTATTTACGTCACAGACACTGACCTTTCGCTTCAAGCTCGCGATCAACTGATCGCGCAAATCAGCCAACTGATTTTAGAGCACTACAAAGAAAGTTAG,0,0,0,0,0,0,0,0,0,0,0,0,0,0,0,0,0,0,0,0,0,0,0,0,0,0,1,0,0,0,0,0,0,0,0,0,0,0,0,0,0,0,0,True
1991,ATGACGCGAAAGACGATATCCAACGGCGCGAGGAACGCCGTCGAAGTGCGGGGACTGGTCAAGCACTTCGGCGAGGTGAAGGCCGTGGACGGGGTGGATCTCGATGTGAGGGAAGGCACCGTGCTCGGTGTGCTCGGGCCGANCGGCGCGGCAANANAACGTGGTGCGCTGCCTGCCCACGTTGNTGGTCCGGACGCCGGCAGGCGACCGTGGCGGTTTNAAACGTGGTGCGCCAACCGGCGCGCGTTGCGCCGCACGATCGGCCNTCACCGGCCAGTACGCNTCGGTCGACGAGAAAGCTTCTCCGGCCGNGAGAACCTGTACATGATCGGCCGCNTGCTGGACCTCTCCCGCAAGGACGCCCGCGCGCGGGCCGACGAGCTGCTGGAGCGGTTCTCCCTCACCGAGGCCGCCGGCCGGGCCGCCGCCAAGTACTCCGGCGGTATGCGCCGCCGCCTCGACCTGGCCGCCTCCATGATCGGCAGGCCCGCGGTGCTGTATCTGGACGAGCCGACGACGGGCCTCGACCCCCGCACCCGCAACGAGGTGTGGGACGAGGTCCGCAGCATGGTGCGCGACGGCGCCACGGTCCTGCTCACCACCCAGTACATGGAAGAGGCCGAGCAGCTGGCCCACGAGCTGACGGTCATCGACCGCGGCCGGGTCATCGCCGACGGCAAGGTGGACGAGCTGAAGACCAAGGTCGGCGGCCGTACGCTCCAGATACGCCCGGCGCACGCCGCCGAGCTGGACCGGATGGTCGGCGCCATCGCGCAGGCCGGCCTGGACGGCATCGCGGGCGCCACCGCCGACCACGAGGACGGCGTGGTCAACGTCCCGATCGTCAGCGACGAGCAGCTGTCCGCCGTGGTCGGCATGCTCGGCGAGCGGGGCTTCACGATCTCCGGGCATCAACACCCATCTGCCCAGCTGNACGAGGTGTTCCTGGCCATCACCGGCCAGAAGACCTCGGAGGCCGCCGACGGCGGCCCGCAGGACGGACCGCAGGACCAGCAGGGCGTTCAGGACAAGCAGTACGAGGAGGTTCCGGCATGA,0,0,0,0,0,0,0,0,0,0,0,0,0,0,0,0,0,0,0,0,0,0,0,0,0,0,0,0,0,0,0,0,0,0,0,0,0,0,0,0,1,0,0,True
2143,AATAACGAAGAGTTTGATCCTGGCTTAGAACTAACGCTGGCAGTGCGTCTTAAGCATGCAAGTCAAACGGGATGTAGCAATACATTCAGTGGCGAACGGGTGAGTAACGCGTGGATGATCTACCTATGAGATGGGGATAACTATTAGAAATAGTAGCTAATACCGAATAAGGTCAGTTAATTTGTTAATTGATGAAAGGAAGCCTTTAAACGTTCGCTTGTAGATGAGTCTGCGTCTTATTAGCTAGTTGGTAGGGTAAATGCCTACCAAGGCAATGATAAGTAACCGGCCTGAGAGGGTGAACGGTCACACTGGAACTGAGATACGGTCCAGNCTCCTACGGGAGGCAGCAGCTAAGAATCTTCCGCAATGGGCGAAAGCCTGACGGAGCGACACTGCGTGAATGAAGAAGGTCGAAAGATTGTAAAATTCTTTTATAAATGAGGAATAAGCTTTGTAGGAAATGACAAAGTGATGACGTTAATTTATGAATAAGCCCCGGCTAATTACGTGCCAGNAGCCGCGGTAATACGTAAGGGNNNAGCGTTGTTCGGGATTATTGGGCGTAAAGGGTGAGTAGGCGGATATATAAGTCTATGCATAAAATACCACAGCTCAACTGTGGACCTATGTTGGAAACTATATGTCTAGAGTCTGATAGAGGAAGTTAGAATTTCTGGTGTAAGGGTGGAATCTGTTGATATCAGAAAGAATACCGGAGGCGAAGGCGAACTTCTGGGTCAAGACTGACGCTGAGTCACGAAAGCGTAGGGAGCAAACAGGATTAGATACCCTGGTAGTCTACGCTGTAAACGATGCACACTTGGTGTTAACTAAAAGTTAGTACCGAAGCTAACGTGTTAAGTGTGCAGCCTGGGGAGTATGCTCGCAAGAGNGAAACTCAAAGGNATTNANNNGNGCCNGCACAAGNNGTGGAGCATGTGGTTTNNNNNNANNNTACGCGAGGAACCTTACCAGGGCTTGACATATATAGGATATAGTTAGAGATAATTATTCCCCGTTTGGGGTCTATATACAGGTGCTGCATGGTTGTCGTCAGCTCGTGCTGTGAGGTGTTGGGTTAAGTCCCGCAACGAGCGCAACCCTTGTTATCTGTTACCAGCATGTAATGGTGGGGACTCAGATAAGACTGCCGGTGATAAGTCGGAGGAAGGTGAGGATGACGTCAAATCATCATGGCCCTTATGTCCTGGGCTACACACGTGCTACAATGGCCTGTACAAAGCGAAGCGAAACAGTGATGTGAAGCAAAACGCATAAAGCAGGTCTCAGTCCGGATTGAAGTCTGAAACTCGACTTCATGAAGTTGGAATCGCTAGTAATCGTATATCAGAATGATACGGTGAATACGTTCTCGGGCNTTGTACACACCGCCCGTCACACCACCCGAGTTGAGGATACCCGAAGCTATTATTCTAACCCGTAAGGGAGGAAGGTATTTAAGGTATGTTTAGCA,0,1,0,0,0,0,0,0,0,0,0,0,0,0,0,0,0,0,0,0,0,0,0,0,0,0,0,0,0,0,0,0,0,0,0,0,0,0,0,0,0,0,0,True
2154,AATAACGAAGAGTTTGATCCTGGCTTAGAACTAACGCTGGCAGTGCGTCTTAAGCATGCAAGTCAAACGGGATGTAGCAATACATTCAGTGGCGAACGGGTGAGTAACGCGTGGATGATCTACCTATGAGATGGGGATAACTATTAGAAATAGTAGCTAATACCGAATAAGGTCAGTTAATTTGTTAATTGATGAAAGGAAGCCTTTAAACGTTCGCTTGTAGATGAGTCTGCGTCTTATTAGCTAGTTGGTAGGGTAAATGCCTACCAAGGCAATGATAAGTAACCGGCCTGAGAGGGTGAACGGTCACACTGGAACTGAGATACGGTCCAGNCTCCTACGGGAGGCAGCAGCTAAGAATCTTCCGCAATGGGCGAAAGCCTGACGGAGCGACACTGCGTGAATGAAGAAGGTCGAAAGATTGTAAAATTCTTTTATAAATGAGGAATAAGCTTTGTAGGAAATGACAAAGTGATGACGTTAATTTATGAATAAGCCCCGGCTAATTACGTGCCAGNAGCCGCGGTAATACGTAAGGGNNNAGCGTTGTTCGGGATTATTGGGCGTAAAGGGTGAGTAGGCGGATATATAAGTCTATGCATAAAATACCACAGCTCAACTGTGGACCTATGTTGGAAACTATATGTCTAGAGTCTGATAGAGGAAGTTAGAATTTCTGGTGTAAGGGTGGAATCTGTTGATATCAGAAAGAATACCGGAGGCGAAGGCGAACTTCTGGGTCAAGACTGACGCTGAGTCACGAAAGCGTAGGGAGCAAACAGGATTAGATACCCTGGTAGTCTACGCTGTAAACGATGCACACTTGGTGTTAACTAAAAGTTAGTACCGAAGCTAACGTGTTAAGTGTGCAGCCTGGGGAGTATGCTCGCAAGAGNGAAACTCAAAGGNATTNANNNGNGCCNGCACAAGNNGTGGAGCATGTGGTTTNNNNNNANNNTACGCGAGGAACCTTACCAGGGCTTGACATATATAGGATATAGTTAGAGATAATTATTCCCCGTTTGGGGTCTATATACAGGTGCTGCATGGTTGTCGTCAGCTCGTGCTGTGAGGTGTTGGGTTAAGTCCCGCAACGAGCGCAACCCTTGTTATCTGTTACCAGCATGTAATGGTGGGGACTCAGATAAGACTGCCGGTGATAAGTCGGAGGAAGGTGAGGATGACGTCAAATCATCATGGCCCTTATGTCCTGGGCTACACACGTGCTACAATGGCCTGTACAAAGCGAAGCGAAACAGTGATGTGAAGCAAAACGCATAAAGCAGGTCTCAGTCCGGATTGAAGTCTGAAACTCGACTTCATGAAGTTGGAATCGCTAGTAATCGTATATCAGAATGATACGGTGAATACGTTCTCGGGCNTTGTACACACCGCCCGTCACACCACCCGAGTTGAGGATACCCGAAGCTATTATTCTAACCCGTAAGGGAGGAAGGTATTTAAGGTATGTTTAGCA,0,1,0,0,0,0,0,0,0,0,0,0,0,0,0,0,0,0,0,0,0,0,0,0,0,0,0,0,0,0,0,0,0,0,0,0,0,0,0,0,0,0,0,True
2102,GGCGGCGTGCTTAACACATGCAAGTCGAACGGAAAGGCCCTTTCGGGGGTACTCGAGTGGCGAACGGGTGAGTAACACGTGGGTGATCTGCCCTGCACTTTGGGATAAGCCTGGGAAACTGGGTCTAATACCGAATACACCCTGCTGGTCGCATGGCCTGGTAGGGGAAAGCTTTTGCGGTGTGGGATGGGCCCGCGGCCTATCAGCTTGTTGGTGGGGTGATGGCCTACCAAGGCGACGACGGGTAGCCGGCCTGAGAGGGTGACCGGCCACACTGGGACTGAGATACGGCCCAGACTNCTACGGGAGGCAGCAGTGGGGAATATTGCACAATGGGCGCAAGCCTGATGCAGCGACGCCGCGTGAGGGATGACGGCCTTCGGGTTGTAAACCTCTTTCAGCACAGACGAAGCGCAAGTGACGGTATGTGCAGAAGAAGGACCGGCCAACTACGTGCCAGCAGCCGCGGTAATACGTAGGGTCCGAGCGTTGTCCGGAATTACTGGGCGTAAAGAGCTCGTAGGTGGTTTGTCGCGTTGTTCGTGAAAACTCACAGCTTAACTGTGGGCGTGCGGGCGATACGGGCAGACTAGAGTACTGCAGGGGAGACTGGAATTCCTGGTGTAGCGGTGGAATGCGCAGATATCAGGAGGAACACCGGTGGCGAAGGCGGGTCTCTGGGCAGTAACTGACGCTGAGGAGCGAAAGCGTGGGGAGCGAACAGGATTAGATACCCTGGTAGTCCACGNCGTAAACGGTGGGTACTAGGTGTGGGTTTCCTTCCTTGGGATCCGTGCCGTAGCTAACGCATTAAGTANCCCGCCTGGGGAGTACGGNCGCAAGGCTAAAACTCAAAGGAATTGACGGGGGNCCGCACAAGCGGCGGAGCATGTGGATTAATTCGATGCAACGCGAAGAACCTTACCTGGGTTTGACATGCACAGGACGCCGGCAGAGATGTCGGTTCCCTTGTGGCCTGTGTGCAGGTGGTGCATGGCTGTCGTCAGCTCGTGTCGTGAGATGTTGGGTTAAGTCCCGCAACGAGCGCAACCCTTGTCTCATGTTGCCAGCACGTTATGGTGGGGACTCGTGAGAGACTGCCGGGGTCAACTCGGAGGAAGGTGGGGATGACGTCAAGTCATCATGCCCCTTATGTCCAGGGCTTCACACATGCTACAATGGCCGGTACAAAGGGCTGCGATGCCGTGAGGTGGAGCGAATCCTTTCAAAGCCGGTCTCAGTTCGGATCGGGGTCTGCAACTCGACCCCGTGAAGTCGGAGTCGCTAGTAATCGCAGATCAGCAACGCTGCGGTGAATACGTTCCCGGGCCTTGTACACACCGCCCGTCACGTCATGAAAGTCGGTAACACCCGAAGCCGGTGGCCTAACCCTTGTGGAGGGAGCCGTCGAAGGTGGGATCGGCGATTGGGACGAAGTCGTAACAAGGTAGCCG,0,1,0,0,0,0,0,0,0,0,0,0,0,0,0,0,0,0,0,0,0,0,0,0,0,0,0,0,0,0,0,0,0,0,0,0,0,0,0,0,0,0,0,True
3346,ATGAAGCAAACCTCACCCTTGTCGTTGCTGGCGCTGAGCGCCCTGCTGCTGTCGCCCCTCACCCAGGCCGCTCCCGCCGATCCGCTGGTCGGGGTAGTGGATGACGTCATTCGTCCGCTGGTGAAAGAGCACAGGATCCCGGGCATGGCGGTAGCCGTGTTCAAAGAGGGGCAACCCCACTACTTCAACTACGGGGTTGCCGAGCTGGCGACGGGGAAGAAGGTCAGCGAGCAGACCCTGTTCGAGATTGGCTCGGTCAGCAAGACCCTGACCGCGACCCTGGGGGCCTACGCCGTGGTCAAGGGGAGCATTGGGCTGGATGACAAGGTGAGCCGGCACGCTCCCTGGCTCAAGGGCTCCGCCTTTGATGGCATTACCATGGCCGAGCTTGCCACTTACAGTGCCGGGGGTCTGCCGCTGCAATTCCCCGACGAGGTGGAATCGCTCGAGCAGATGCAGGCTTACTATCGCCAGTGGACGCCGGCCTATCAACCAGGCAGCCATCGCCAGTACTCCAACCCCAGTATCGGCCTGTTCGGCTATCTGGCGGCGAGCAGTCTGCAGCAGCCGTTTGCCCAGTTGATGGAGCAGACCCTGCTGCCCGGGCTCGGCCTGCATCACACCTATATCAATGTGCCGAAGCAGGCCATGGCGAACTACGCCTATGGCTATTCGAAAGAGGACAAGCCCATCAGGGTCAATCCCGGCATGCTGGCCGACGAGGCCTACGGCATCAAGACTAGCTCGGCGGATCTGCTCGCCTTCGTGCAGGCCAACATCAACGGGGTGGATGACAAGGGGTTGCAGCAGGCCATCGCTTTGACCCACCAGGGGCACTACTCGGTAGGCGGGATGACTCAGGGGCTGGGCTGGGAGAGTTACCCCTATCCGGTCAGCGAGCAGACGCTGCTGGCGGGCAACTCGGCCCAGGTGATCATGAARGCCAATCCGACGACGGCCGCGCCGAAKGAGATGGGGAGCCAGCGGCTCTTCAACAAGACTGGCTCGACCAACGGCTTTGGCGCCTATGTGGCCTTCGTGCCGGCCAAGGGAGTGGGCATCGTCATGCTGGCCAACCGCAACTACCCCATCCAGGAGAGGGTAAAGGCGGCCCACGCCATCCTGAGCAAGCTGGCTCCCTGA,0,0,0,0,0,1,0,0,0,0,0,0,0,0,0,0,0,0,0,0,0,0,0,0,0,0,0,0,0,0,0,0,0,0,0,0,0,0,0,0,0,0,0,True
3347,ATGAAGCAAACCTCACCCTTGTCGTTGCTGGCGCTGAGCGCCCTGCTGCTGTCGCCCCTCACCCAGGCCGCTCCCGCCGATCCGCTGGTCGGGGTAGTGGATGACGTCATTCGTCCGCTGGTGAAAGAGCACAGGATCCCGGGCATGGCGGTCGCCGTGCTGAAGGGGGGGCAGGCCCACTACTTCAACTACGGGGTTGCCGAGCTGGCAACGGGGAAGAAGGTCAGCGAGCAGACCCTGTTCGAGATTGGCTCGGTCAGCAAGACCCTGACCGCGACCCTGGGGGCCTACGCCGTGGTCAAGGGGAGCATTGGGCTGGATGACAAGGTGAGCCGGCACGCTCCCTGGCTCAAGGGCTCCGCCTTTGATGGCATTACCATGGCCGAGCTTGCCACTTACAGTGCCGGGGGCCTGCCGCTGCAATTCCCCGACGAGGTGGAATCGCTCGAGCAGATGCAGGCTTACTATCGCCAGTGGACGCCGGCCTATCAACCAGGCAGCCATCGCCAGTACTCCAACCCCAGTATCGGCCTGTTCGGCTATCTGGCGGCGAGCAGTCTGCAGCAGCCGTTTGCCCAGTTGATGGAGCAGACCCTGCTGCCAGGGCTCGGCCTGCATCACACCTATATCAATGTGCCTAAGCAGGCGATGGCGAACTACGCCTATGGCTATTCGAAAGAGGACAAGCCCATCAGGGTCACGCCAGGGGTGCTGGCGGACGAGGCCTACGGCATCAAGACCAGCTCGGCGGATCTGCTCGCCTTCGTGAAGGCCAACATCAACGGGGTGGATGACAAGGGGTTGCAGCAGGCCATCGCTTTGACCCACCAGGGGCACTACTCGGTAGGCGGGATGACTCAGGGGCTGGGCTGGGAGAGCTACCCCTATCCAGTCAGTGAGCAGACGCTGCAGGTTGGGAACTCCCGCGAGGTGAGTTTCAAGGGCAATCCTGTCAAAGGATTCAAGGCGCCGGTTACATTTGGTGAGGCGCGGCTCTACAACAAGACCGGCTCGACCAACGGCTTTGGCGCCTATGTGGCCTTCGTGCMGGCCAAGGGAGTGGGCATCGTCATGCTGGCCAACCGCAACTACCCCATCCAGGAGAGGGTAAAGGCGGCCCACGCCATCCTGAGCAAGCTGGCTCCCTGA,0,0,0,0,0,1,0,0,0,0,0,0,0,0,0,0,0,0,0,0,0,0,0,0,0,0,0,0,0,0,0,0,0,0,0,0,0,0,0,0,0,0,0,True
2478,AGGAGGTGATCCAACCGCAGGTTCACTACGGTTACCTTGTTACGACTTCACCCCAGTCGCTGTGTGTGCCGTGGGCAGTAGCCAATTTAGCATCCTGACTTAAGGCAAACACAACTCCCATGGTGTGACGGGCGGTGAGTACAAGACCCGGGAACGTATTCACCGCAACATGGCTGATTTGCGATTACTAGCGATTCCAGCTTCATGCAGGCGAGTTGCAGCCTACAATCCGAACTGAGAGGTGTTTTGAAGATTGGCTCCATTCGCAGTATTGCTTCTCTTTGTGCACCCCATTGTAGCACGTGTGTAGCCCTAGGCGTAAGGGCCATGATGACTTGACGTCGTCCCCACCTTCCTNCCCTTACGGAGGCAGTATCCTTAGAGTTCTCAGCATAACCTGTTAGCAACTAAGAAAAGGGGTTGCGCTCGTTGCGGGACTTAACCCAACATCTCACGACACGAGCTGACGACAGCCGTGCAGCACCTGTTTTCAAGGTCTGGCAAGCCAGACACTCCACTATTTCTAGCGGATTCTCTCAATGTCAAGCCTAGGTAAGGTTCTTCGTGTATCTTCGAATTAAACCACATGCTCCACCGCTTGTGCGGGTCCCCGTCTATTCCTTTGAGTTTTAATCTTGCGACCGTACTCCCCAGGCGGGATGCTTAATGCGTTAGCTGCATTACTGGAGAGACTAAGCCCTCCAACAACTAGCATCCATCGTTTAGGGCGTGGACTACCAGGGTATCTAATCCTGTTTGCTCCCCAACMGCTTTCGCGCAATCAGCGTCAGTAATGTTCCAGCAGGTCGCCTTCGCAATGAGTATTCCTCTTGATCTCTACGGATTTTACCCCTACACCAAGAATTCCACCTACCTCTCCCACACTCTAGAATAGTAGTTTCAAATGCAGTTCTATGGTTAAGCCATAGGATTTCACACCTGACTGACTATCCCGCCTACGCGCTCTTTACGCCCAGTGATTCCGAGTAACGCTTGCACCCTCCGTATTACCGCGGCTGCTGGCACGGAGTTAGCCGGTGCTTATTCGTTAGATACCGTCATTATCTTCTCTAACAAAAGGAGTTTACAATCCTAAAACCTTCATCCTCCACGCGGCGTTGCTGCTTCAGGGTTTCCCCCATTGAGCAATATTCCCTACTGCTGCCTCCCGTAGGAGTCTGGACCGTGTCTCAGTTCCAGTGTGTCCGTTCACCCTCTCAGGCCGGATACCCGTCATAGCCTTGGTAAGCCATTACCTTACCAACAAGCTGATAGGACATAGGCTGATCTCTTAGCGATAAATCTTTCCCCCGTAGGAGTATCTGGTATTAATCATCGTTTCCAATGGCTATCCCAAACTAAGAGGCACATAACCTATGCGTTACTCACCCGTGCGCCACTAATCAGCACTCTAGCAAGCTAGAAGCTTCATCGTTCGACTTGCATGTATTAGGCACGCCGCCAGCGTTCACTCTGAGCCAGGATCAAACTCTCCATAAAA,0,0,0,0,0,0,0,0,0,0,0,0,0,0,0,0,0,0,0,0,0,0,0,0,0,0,0,0,0,0,0,0,0,0,0,0,0,0,0,0,1,0,0,True
2806,GGTTAAGCGACTAAGCGTACACGGTGGATGCCCTGGCAGTCAGAGGCGATGAAGGACGTGCTAATCTGCGATAAGCGTCGGTAAGGTGATATGAACCGTTATAACCGGCGATTTCCGAATGGGGAAACCCAGTGTGTTTCGACACACTATCATTAACTGAATCCATAGGTTAATGAGGCGAACCGGGGGAACTGAAACATCTAAGTACCCCGAGGAAAAGAAATCAACCGAGATTCCCCCAGTAGCGGCGAGCGAACGGGGAGGAGCCCAGAGCCTGAATCAGTGTGTGTGTTAGTGGAAGCGTCTGGAAAGGCGCGCGATACAGGGTGACAGCCCCGTACACAAAAATGCACATGCTGTGAGCTCGATGAGTAGGGCGGGACACGTGGTATCCTGTCTGAATATGGGGGGACCATCCTCCAAGGCTAAATACTCCTGACTGACCGATAGTGAACCAGTACCGTGAGGGAAAGGCGAAAAGAACCCCGGCGAGGGGAGTGAAAAAGAACCTGAAACCGTGTACGTACAAGCAGTGGGAGCATGCTTAGGCGTGTGACTGCGTACCTTTTGTATAATGGGTCAGCGACTTATATTCTGTAGCAAGGTTAACCGAATAGGGGAGCCGAAGGGAAACCGAGTCTTAACTGGGCGTTAAGTTGCAGGGTATAGACCCGAAACCCGGTGATCTAGCCATGGGCAGGTTGAAGGTTGGGTAACACTAACTGGAGGACCGAACCGACTAATGTTGAAAAATTAGCGGATGACTTGTGGCTGGGGGTGAAAGGCCAATCAAACCGGGAGATAGCTGGTTCTCCCCGAAAGCTATTTAGGTAGCGCCTCGTGAACTCATCTCCGGGGGTAGAGCACTGTTTCGGCAAGGGGGTCATCCCGACTTACCAACCCGATGCAAACTGCGAATACCGGAGAATGTTATCACGGGAGACACACGGCGGGTGCTAACGTCCGTCGNGAAGAGGGAAACAACCCAGACCGCCAGCTAAGGTCCCAAAGTCATGGTTAAGTGGGAAACGATGTGGGAAGGCCCAGACAGCCAGGATGTTGGCTTAGAAGCAGCCATCATTTAAAGAAAGCGTAATAGCTCACTGGTCGAGTCGGCCTGCGCGGAAGATGTAACGGGGCTAAACCATGCACCGAAGCTGCGGCAGCGACGCTTATGCGTTGTTGGGTAGGGGAGCGTTCTGTAAGCCTGTGAAGGTGTACTGTGAGGTATGCTGGAGGTATCAGAAGTGCGAATGCTGACATAAGTAACGATAAAGCGGGTGAAAAGCCCGCTCGCCGGAAGACCAAGGGTTCCTGTCCAACGTTAATCGGGGCAGGGTGAGTCGACCCCTAAGGCGAGGCCGAAAGGCGTAGTCGATGGGAAACAGGTTAATATTCCTGTACTTGGTGTTACTGCGAAGGGGGGACGGAGAAGGCTATGTTGGCCGGGCGACGGTTGTCCCGGTTTAAGCGTGTAGGCTGGTTTTCCAGGCAAATCCGGAAAATCAAGGCTGAGGCGTGATGACGAGGCACTACGGTGCTGAAGCAACAAATGCCCTGCTTCCAGGAAAAGCCTCTAAGCATCAGGTAACATCAAATCGTACCCCAAACCGACACAGGTGGTCAGGTAGAGAATACCAAGGCGCTTGAGAGAACTCGGGTGAAGGAACTAGGCAAAATGGTGCCGTAACTTCGGGAGAAGGCACGCTGATATGTAGGTGAAGCGACTTGCTCGTGGAGCTGAAATCAGTCGAAGATACCAGCTGGCTGCAACTGTTTATTAAAAACACAGCACTGTGCAAACACGAAAGTGGACGTATACGGTGTGACGCCTGCCCGGTGCCGGAAGGTTAATTGATGGGGTTAGCGCAAGCGAAGCTCTTGATCGAAGCCCCGGTAAACGGCGGCCGTAACTATAACGGTCCTAAGGTAGCGAAATTCCTTGTCGGGTAAGTTCCGACCTGCACGAATGGCGTAATGATGGCCAGGCTGTCTCCACCCGAGACTCAGTGAAATTGAACTCGCTGTGAAGATGCAGTGTACCCGCGGCAAGACGGAAAGACCCCGTGAACCTTTACTATAGCTTGACACTGAACATTGAGCCTTGATGTGTAGGATAGGTGGGAGGCTTTGAAGTGTGGACGCCAGTCTGCATGGAGCCGACCTTGAAATACCACCCTTTAATGTTTGATGTTCTAACGTTGACCCGTAATCCGGGTTGCGGACAGTGTCTGGTGGGTAGTTTGACTGGGGCGGTCTCCTCCTAAAGAGTAACGGAGGAGCACGAAGGTTGGCTAATCCTGGTCGGACATCAGGAGGTTAGTGCAATGGCATAAGCCAGCTTGACTGCGAGCGTGACGGCGCGAGCAGGTGCGAAAGCAGGTCATAGTGATCCGGTGGTTCTGAATGGAAGGGCCATCGCTCAACGGATAAAAGGTACTCCGGGGATAACAGGCTGATACCGCCCAAGAGTTCATATCGACGGCGGTGTTTGGCACCTCGATGTCGGCTCATCACATCCTGGGGCTGAAGTAGGTCCCAAGGGTATGGCTGTTCGCCATTTAAAGTGGTACGCGAGCTGGGTTTAGAACGTCGTGAGACAGTTCGGTCCCTATCTGCCGTGGGCGCTGGAGAACTGAGGGGGGCTGCTCCTAGTACGAGAGGACCGGAGTGGACGCATCACTGGTGTTCGGGTTGTCATGCCAATGGCACTGCCCGGTAGCTAAATGCGGAAGAGATAAGTGCTGAAAGCATCTAAGCACGAAACTTGCCCCGAGATGAGTTCTCCCTGACTCCTTGAGGGTCCTGAAGGAACGTTGAAGACGACGACGTTGATAGGCCGGGTGTGTAAGCGCAGCGATGCGTTGAGCTAACCGGTACTAATGAACCGTGAGGCTTAACCTT,0,0,0,0,0,0,0,0,0,0,0,0,0,0,0,0,1,0,0,0,0,0,0,0,0,0,0,0,0,0,0,0,0,0,0,0,0,0,0,0,0,0,0,True
2807,GGTTAAGCGACTAAGCGTACACGGTGGATGCCCTGGCAGTCAGAGGCGATGAAGGACGTGCTAATCTGCGATAAGCGTCGGTAAGGTGATATGAACCGTTATAACCGGCGATTTCCGAATGGGGAAACCCAGTGTGTTTCGACACACTATCATTAACTGAATCCATAGGTTAATGAGGCGAACCGGGGGAACTGAAACATCTAAGTACCCCGAGGAAAAGAAATCAACCGAGATTCCCCCAGTAGCGGCGAGCGAACGGGGAGGAGCCCAGAGCCTGAATCAGTGTGTGTGTTAGTGGAAGCGTCTGGAAAGGCGCGCGATACAGGGTGACAGCCCCGTACACAAAAATGCACATGCTGTGAGCTCGATGAGTAGGGCGGGACACGTGGTATCCTGTCTGAATATGGGGGGACCATCCTCCAAGGCTAAATACTCCTGACTGACCGATAGTGAACCAGTACCGTGAGGGAAAGGCGAAAAGAACCCCGGCGAGGGGAGTGAAAAAGAACCTGAAACCGTGTACGTACAAGCAGTGGGAGCATGCTTAGGCGTGTGACTGCGTACCTTTTGTATAATGGGTCAGCGACTTATATTCTGTAGCAAGGTTAACCGAATAGGGGAGCCGAAGGGAAACCGAGTCTTAACTGGGCGTTAAGTTGCAGGGTATAGACCCGAAACCCGGTGATCTAGCCATGGGCAGGTTGAAGGTTGGGTAACACTAACTGGAGGACCGAACCGACTAATGTTGAAAAATTAGCGGATGACTTGTGGCTGGGGGTGAAAGGCCAATCAAACCGGGAGATAGCTGGTTCTCCCCGAAAGCTATTTAGGTAGCGCCTCGTGAACTCATCTCCGGGGGTAGAGCACTGTTTCGGCAAGGGGGTCATCCCGACTTACCAACCCGATGCAAACTGCGAATACCGGAGAATGTTATCACGGGAGACACACGGCGGGTGCTAACGTCCGTCGNGAAGAGGGAAACAACCCAGACCGCCAGCTAAGGTCCCAAAGTCATGGTTAAGTGGGAAACGATGTGGGAAGGCCCAGACAGCCAGGATGTTGGCTTAGAAGCAGCCATCATTTAAAGAAAGCGTAATAGCTCACTGGTCGAGTCGGCCTGCGCGGAAGATGTAACGGGGCTAAACCATGCACCGAAGCTGCGGCAGCGACGCTTATGCGTTGTTGGGTAGGGGAGCGTTCTGTAAGCCTGTGAAGGTGTACTGTGAGGTATGCTGGAGGTATCAGAAGTGCGAATGCTGACATAAGTAACGATAAAGCGGGTGAAAAGCCCGCTCGCCGGAAGACCAAGGGTTCCTGTCCAACGTTAATCGGGGCAGGGTGAGTCGACCCCTAAGGCGAGGCCGAAAGGCGTAGTCGATGGGAAACAGGTTAATATTCCTGTACTTGGTGTTACTGCGAAGGGGGGACGGAGAAGGCTATGTTGGCCGGGCGACGGTTGTCCCGGTTTAAGCGTGTAGGCTGGTTTTCCAGGCAAATCCGGAAAATCAAGGCTGAGGCGTGATGACGAGGCACTACGGTGCTGAAGCAACAAATGCCCTGCTTCCAGGAAAAGCCTCTAAGCATCAGGTAACATCAAATCGTACCCCAAACCGACACAGGTGGTCAGGTAGAGAATACCAAGGCGCTTGAGAGAACTCGGGTGAAGGAACTAGGCAAAATGGTGCCGTAACTTCGGGAGAAGGCACGCTGATATGTAGGTGAAGCGACTTGCTCGTGGAGCTGAAATCAGTCGAAGATACCAGCTGGCTGCAACTGTTTATTAAAAACACAGCACTGTGCAAACACGAAAGTGGACGTATACGGTGTGACGCCTGCCCGGTGCCGGAAGGTTAATTGATGGGGTTAGCGCAAGCGAAGCTCTTGATCGAAGCCCCGGTAAACGGCGGCCGTAACTATAACGGTCCTAAGGTAGCGAAATTCCTTGTCGGGTAAGTTCCGACCTGCACGAATGGCGTAATGATGGCCAGGCTGTCTCCACCCGAGACTCAGTGAAATTGAACTCGCTGTGAAGATGCAGTGTACCCGCGGCAAGACGGAAAGACCCCGTGAACCTTTACTATAGCTTGACACTGAACATTGAGCCTTGATGTGTAGGATAGGTGGGAGGCTTTGAAGTGTGGACGCCAGTCTGCATGGAGCCGACCTTGAAATACCACCCTTTAATGTTTGATGTTCTAACGTTGACCCGTAATCCGGGTTGCGGACAGTGTCTGGTGGGTAGTTTGACTGGGGCGGTCTCCTCCTAAAGAGTAACGGAGGAGCACGAAGGTTGGCTAATCCTGGTCGGACATCAGGAGGTTAGTGCAATGGCATAAGCCAGCTTGACTGCGAGCGTGACGGCGCGAGCAGGTGCGAAAGCAGGTCATAGTGATCCGGTGGTTCTGAATGGAAGGGCCATCGCTCAACGGATAAAAGGTACTCCGGGGATAACAGGCTGATACCGCCCAAGAGTTCATATCGACGGCGGTGTTTGGCACCTCGATGTCGGCTCATCACATCCTGGGGCTGAAGTAGGTCCCAAGGGTATGGCTGTTCGCCATTTAAAGTGGTACGCGAGCTGGGTTTAGAACGTCGTGAGACAGTTCGGTCCCTATCTGCCGTGGGCGCTGGAGAACTGAGGGGGGCTGCTCCTAGTACGAGAGGACCGGAGTGGACGCATCACTGGTGTTCGGGTTGTCATGCCAATGGCACTGCCCGGTAGCTAAATGCGGAAGAGATAAGTGCTGAAAGCATCTAAGCACGAAACTTGCCCCGAGATGAGTTCTCCCTGACTCCTTGAGGGTCCTGAAGGAACGTTGAAGACGACGACGTTGATAGGCCGGGTGTGTAAGCGCAGCGATGCGTTGAGCTAACCGGTACTAATGAACCGTGAGGCTTAACCTT,0,0,0,0,0,0,0,0,0,0,0,0,0,0,0,0,0,1,0,0,0,0,0,0,0,0,0,0,0,0,0,0,0,0,0,0,0,0,0,0,0,0,0,True
2808,GTGACAAGCTACTAAGTGCGATCGGTGGATGCCTAGGCACCAAGAGCCGATGAAGGACGTTGTAACCTGCGATAAGCCCTGGGGAGCTGGTAAACGAGCTTTGATCCGGGGATGTCCGAATGGGGAAACCTCGAAGGTGACCAGTTTAGCTACTGGCGACCGCCGCCTGAATGTATAGGGCGGTTGGAGGGAACGTGGGGAAGTGAAACATCTTAGTACCCACAGGAAGAGRAAACAACCGTGAWTCCGTGAATATTGGCGAGCGAAAGCGGAAGAGGCCAAACCGGAGTGTGTGATAGCCGGCAGGTGTTGCATGTGCGGGGTTGTGGGAAGCGTTTTGACTGAACTGCCGTGAGGTCGGAGAGTGATAAAGGATTGATGAAGCAGAAGCGTCTGGGAAGGCGCGGCATAGATGGTGATACCCCTGTATGCGTAAGTTGATCTCTCTCTTAATGTTTTCCCAAGTAGTACGGAACCCCTGAAATYCCGTACGAATCTGGCGGACCACCCGTTAAGCCTAAATACBCCTTGGTGACCGATMGCGGACAAGTACCCGTGAGGGAAAGGGTGAAAATGTACCCCCGGGAGGGGAGTGAAATAGTMCCTGAAACCGATCGCATACAATCCGTCGGAGCCTGCCCTTGTGGTGGGTGACGGCGTGCCTTTTGRAAGAATGAGCCTGCGAGTTAGTGGTGTGTGGCGAGGTTAACCCGTGTGGGGAAGCCGTAGCGAAAGCGAGTCCGAATAGGGCGTTTGAGTCGCATGCTCTAGACCCGAAGCGGTGTGATCTATCCATGGCCAGGGTGAAGCGACGGTAAGACGTCGTGGAGGCCCGAACCCACCAGGGTTGCAAACCTGGGGGATGAGCTGTGGATAGGGGTGAAAGGCCAATCAAACACCGTGATAGCTGGTTCTCCCCGAAATGCATTTAGGTGCAGCGTCATGTGTTTCTTGTCGGAGGTAGAGCACTGGATGGTCTAGGGGGCTTACCAGCTTACCGAAATCAGCCAAACTCCGAATGCCGACAAGTGAGAGCATGGCAGTGAGACGGCGGGGGATAAGCTTCGTCGTCGAGAGGGAAACAGCCCAGATCATCAGCTAAGGCCCCTAAGTGGTGACTAAGTGGAAAAGGACGTGGAGTTGCGGAGACAACCAGGAGGTTGGCTTGGAAGCAGCCATCCTTGAAAGAGTGCGTAATAGCTCACTGGTCAAGTGATTCTGCACCGACAATTTAGCGGGGCTCAAGTCATCCGCCGAAGCTGTGGCATCTACGCGTGTATCCGGCATCCTTTGGGGTGTCCAGGTGCGTGGATGGGTAGGGGAGCGTTGTGTGTGCGTTGAAGCGGCGGGGTGACCCGGTCGTGGAGTGCACGCAAGTGAGAATGCAGGCATGAGTAGCGTATGACGGGTGAGAAACCCGTCCGCCGAATATCCAAGGGTTCCAGGGTCAAGCTAATCTGCCCTGGGTGAGTCGGGTCCTAAGGCGAGGCCGACAGGCGTAGTCGATGGACAACGGGTTGATATTCCCGTACCGGCGCGAGAACGATCCTGCCGAGGTGAGTGATGCTAAGCATGCAAGGCGGTCGTGGGGGCTTCGGTTCCCTGATCGTTGAGTCTGTAACCCGATCTTGTAGTAGGCAAGCTGCGGAGGGACGCAGGAAGGTAGTCTGGCACCGTATTGGTTTGCGGTGTTAAGCCTGTAGGGTGTCTGGCCAGGTAAATCCGGTCGGACGTGTGCCTGAGAGGTGATGAGTGGTGCCACTTTTGTGGTACGTATCCGGATGATCCTATGCTGCCTAGAAAATCTTCGTGAGCGAGTTCTCGAGCTGCCCGTACCCCAAACCGACACTGGTGGATAGGTAGAGAATACCAAGGCGATCGAGATAATCATGGTGAAGGAACTCGGCAAAATCCTCCCGTAACTTCGGAATAAGGGAGACTGGAGGCGTGACGGCAGTTTACTTGTCGGTGCGTCGATAGTCGCAGAGAATAGGCCCAAGCGACTGCTTACTAAAAGCACAGGTCCGTGCTAAGTCGAAAGACGATGTATACGGACTGACTCCTGCCCGGTGCTCKGAAGGTTAAGGGGACGTGTTAGCACTTTTGTGCGAGGCACTGAACTTAAGCCCCAGTAAACGGCGGTGGTAACTATAACCATCCTAAGGKAGCGAAATTCCTTGTCGGGKAAGTTCCGRCCTGSACGAATGGAGTAACGACTTGGGCGCTGTCTCCACCATGAACTCGGCGAAATTGCATTACGAGTAAAGATGCTCGTTACGCGCACAGGGACGGAAAGVNCCCGGGACCTTTACTATAGTTTGGTATTGGTGATCGGTACGACTTGTGTAGGATAGGTGGGAGACTTTGAAGCGGTCACGCTAGTGATTGTGGAGTCATTGTTGAAATACCACTCTGGTCGTTCTGGTTATCTAACCTAGGTCCGTGATCCGGATCAGGGACAGTGCCTGATGGGTAGTTTGACTGGGGCGGTCGCCTCCMAAAAGGTAACGGAGGCGCCCAAAGGTTCCCTCAGCCTGGTTGGTAATCAGGTGTTGAGTGTAAGTGCACAAGGGAGCTTGACTGTGAGACAGACATGTCGAGCAGGGACGAAAGTCGGGACTAGTGATCYTCTGGTGGATTGTGGAATCGCCAGAACTCAACGGATAAAAGGTACCCCGGGGATAACAGGCTGATCTTTCCCGAGCGCTCACAGCGACGGAATGGNTTGGCACCTCGATGTCGGCTCGTCGCATCCTGGGGCTGGAGTCGGTCCCAAGGGTTGGGCTGTTCGCCCATTAAAGCGGCACGCGARGCTGGGGKTAAGAACGTCGTGAGACAGTTCCGGKCCCTATACCGCTGCSCGTMGKATCTTGAGAGGGCTGTCCTTAGTACGCAAGGACCGGGACGGACCAACCTCTGGTGTGCCAGTTGTTCCACCAGGAGCATGGCTGGTTGGCTACGTTGGGGAGTGATAACCGCTGAAAGCATCTAAGTGGGAAGCACGCTTCAAGATGAGGGTTCCTGCACAGTTAATGTGGTAAGGCCCCCGGTAGACCACCGGGTGATAGGTCGGATGTGGAAGCATGGTGACATGTGGAGCTGACCGATACTAAGTGGCCGAGGGCTTGTCCCACA,0,0,0,0,0,0,0,0,0,0,0,0,0,0,0,0,0,1,0,0,0,0,0,0,0,0,0,0,0,0,0,0,0,0,0,0,0,0,0,0,0,0,0,True
2802,GGTTAAGCGACTAAGCGTACACGGTGGATGCCCTGGCAGTCAGAGGCGATGAAGGACGTGCTAATCTGCGATAAGCGTCGGTAAGGTGATATGAACCGTTATAACCGGCGATTTCCGAATGGGGAAACCCAGTGTGTTTCGACACACTATCATTAACTGAATCCATAGGTTAATGAGGCGAACCGGGGGAACTGAAACATCTAAGTACCCCGAGGAAAAGAAATCAACCGAGATTCCCCCAGTAGCGGCGAGCGAACGGGGAGGAGCCCAGAGCCTGAATCAGTGTGTGTGTTAGTGGAAGCGTCTGGAAAGGCGCGCGATACAGGGTGACAGCCCCGTACACAAAAATGCACATGCTGTGAGCTCGATGAGTAGGGCGGGACACGTGGTATCCTGTCTGAATATGGGGGGACCATCCTCCAAGGCTAAATACTCCTGACTGACCGATAGTGAACCAGTACCGTGAGGGAAAGGCGAAAAGAACCCCGGCGAGGGGAGTGAAAAAGAACCTGAAACCGTGTACGTACAAGCAGTGGGAGCATGCTTAGGCGTGTGACTGCGTACCTTTTGTATAATGGGTCAGCGACTTATATTCTGTAGCAAGGTTAACCGAATAGGGGAGCCGAAGGGAAACCGAGTCTTAACTGGGCGTTAAGTTGCAGGGTATAGACCCGAAACCCGGTGATCTAGCCATGGGCAGGTTGAAGGTTGGGTAACACTAACTGGAGGACCGAACCGACTAATGTTGAAAAATTAGCGGATGACTTGTGGCTGGGGGTGAAAGGCCAATCAAACCGGGAGATAGCTGGTTCTCCCCGAAAGCTATTTAGGTAGCGCCTCGTGAACTCATCTCCGGGGGTAGAGCACTGTTTCGGCAAGGGGGTCATCCCGACTTACCAACCCGATGCAAACTGCGAATACCGGAGAATGTTATCACGGGAGACACACGGCGGGTGCTAACGTCCGTCGNGAAGAGGGAAACAACCCAGACCGCCAGCTAAGGTCCCAAAGTCATGGTTAAGTGGGAAACGATGTGGGAAGGCCCAGACAGCCAGGATGTTGGCTTAGAAGCAGCCATCATTTAAAGAAAGCGTAATAGCTCACTGGTCGAGTCGGCCTGCGCGGAAGATGTAACGGGGCTAAACCATGCACCGAAGCTGCGGCAGCGACGCTTATGCGTTGTTGGGTAGGGGAGCGTTCTGTAAGCCTGTGAAGGTGTACTGTGAGGTATGCTGGAGGTATCAGAAGTGCGAATGCTGACATAAGTAACGATAAAGCGGGTGAAAAGCCCGCTCGCCGGAAGACCAAGGGTTCCTGTCCAACGTTAATCGGGGCAGGGTGAGTCGACCCCTAAGGCGAGGCCGAAAGGCGTAGTCGATGGGAAACAGGTTAATATTCCTGTACTTGGTGTTACTGCGAAGGGGGGACGGAGAAGGCTATGTTGGCCGGGCGACGGTTGTCCCGGTTTAAGCGTGTAGGCTGGTTTTCCAGGCAAATCCGGAAAATCAAGGCTGAGGCGTGATGACGAGGCACTACGGTGCTGAAGCAACAAATGCCCTGCTTCCAGGAAAAGCCTCTAAGCATCAGGTAACATCAAATCGTACCCCAAACCGACACAGGTGGTCAGGTAGAGAATACCAAGGCGCTTGAGAGAACTCGGGTGAAGGAACTAGGCAAAATGGTGCCGTAACTTCGGGAGAAGGCACGCTGATATGTAGGTGAAGCGACTTGCTCGTGGAGCTGAAATCAGTCGAAGATACCAGCTGGCTGCAACTGTTTATTAAAAACACAGCACTGTGCAAACACGAAAGTGGACGTATACGGTGTGACGCCTGCCCGGTGCCGGAAGGTTAATTGATGGGGTTAGCGCAAGCGAAGCTCTTGATCGAAGCCCCGGTAAACGGCGGCCGTAACTATAACGGTCCTAAGGTAGCGAAATTCCTTGTCGGGTAAGTTCCGACCTGCACGAATGGCGTAATGATGGCCAGGCTGTCTCCACCCGAGACTCAGTGAAATTGAACTCGCTGTGAAGATGCAGTGTACCCGCGGCAAGACGGAAAGACCCCGTGAACCTTTACTATAGCTTGACACTGAACATTGAGCCTTGATGTGTAGGATAGGTGGGAGGCTTTGAAGTGTGGACGCCAGTCTGCATGGAGCCGACCTTGAAATACCACCCTTTAATGTTTGATGTTCTAACGTTGACCCGTAATCCGGGTTGCGGACAGTGTCTGGTGGGTAGTTTGACTGGGGCGGTCTCCTCCTAAAGAGTAACGGAGGAGCACGAAGGTTGGCTAATCCTGGTCGGACATCAGGAGGTTAGTGCAATGGCATAAGCCAGCTTGACTGCGAGCGTGACGGCGCGAGCAGGTGCGAAAGCAGGTCATAGTGATCCGGTGGTTCTGAATGGAAGGGCCATCGCTCAACGGATAAAAGGTACTCCGGGGATAACAGGCTGATACCGCCCAAGAGTTCATATCGACGGCGGTGTTTGGCACCTCGATGTCGGCTCATCACATCCTGGGGCTGAAGTAGGTCCCAAGGGTATGGCTGTTCGCCATTTAAAGTGGTACGCGAGCTGGGTTTAGAACGTCGTGAGACAGTTCGGTCCCTATCTGCCGTGGGCGCTGGAGAACTGAGGGGGGCTGCTCCTAGTACGAGAGGACCGGAGTGGACGCATCACTGGTGTTCGGGTTGTCATGCCAATGGCACTGCCCGGTAGCTAAATGCGGAAGAGATAAGTGCTGAAAGCATCTAAGCACGAAACTTGCCCCGAGATGAGTTCTCCCTGACTCCTTGAGGGTCCTGAAGGAACGTTGAAGACGACGACGTTGATAGGCCGGGTGTGTAAGCGCAGCGATGCGTTGAGCTAACCGGTACTAATGAACCGTGAGGCTTAACCTT,0,0,0,0,0,0,0,0,0,0,0,0,0,0,0,0,0,1,0,0,0,0,0,0,0,0,0,0,0,0,0,0,0,0,0,0,0,0,0,0,0,0,0,True
2819,GGTTAAGCGACTAAGCGTACACGGTGGATGCCCTGGCAGTCAGAGGCGATGAAGGACGTGCTAATCTGCGATAAGCGTCGGTAAGGTGATATGAACCGTTATAACCGGCGATTTCCGAATGGGGAAACCCAGTGTGTTTCGACACACTATCATTAACTGAATCCATAGGTTAATGAGGCGAACCGGGGGAACTGAAACATCTAAGTACCCCGAGGAAAAGAAATCAACCGAGATTCCCCCAGTAGCGGCGAGCGAACGGGGAGGAGCCCAGAGCCTGAATCAGTGTGTGTGTTAGTGGAAGCGTCTGGAAAGGCGCGCGATACAGGGTGACAGCCCCGTACACAAAAATGCACATGCTGTGAGCTCGATGAGTAGGGCGGGACACGTGGTATCCTGTCTGAATATGGGGGGACCATCCTCCAAGGCTAAATACTCCTGACTGACCGATAGTGAACCAGTACCGTGAGGGAAAGGCGAAAAGAACCCCGGCGAGGGGAGTGAAAAAGAACCTGAAACCGTGTACGTACAAGCAGTGGGAGCATGCTTAGGCGTGTGACTGCGTACCTTTTGTATAATGGGTCAGCGACTTATATTCTGTAGCAAGGTTAACCGAATAGGGGAGCCGAAGGGAAACCGAGTCTTAACTGGGCGTTAAGTTGCAGGGTATAGACCCGAAACCCGGTGATCTAGCCATGGGCAGGTTGAAGGTTGGGTAACACTAACTGGAGGACCGAACCGACTAATGTTGAAAAATTAGCGGATGACTTGTGGCTGGGGGTGAAAGGCCAATCAAACCGGGAGATAGCTGGTTCTCCCCGAAAGCTATTTAGGTAGCGCCTCGTGAACTCATCTCCGGGGGTAGAGCACTGTTTCGGCAAGGGGGTCATCCCGACTTACCAACCCGATGCAAACTGCGAATACCGGAGAATGTTATCACGGGAGACACACGGCGGGTGCTAACGTCCGTCGNGAAGAGGGAAACAACCCAGACCGCCAGCTAAGGTCCCAAAGTCATGGTTAAGTGGGAAACGATGTGGGAAGGCCCAGACAGCCAGGATGTTGGCTTAGAAGCAGCCATCATTTAAAGAAAGCGTAATAGCTCACTGGTCGAGTCGGCCTGCGCGGAAGATGTAACGGGGCTAAACCATGCACCGAAGCTGCGGCAGCGACGCTTATGCGTTGTTGGGTAGGGGAGCGTTCTGTAAGCCTGTGAAGGTGTACTGTGAGGTATGCTGGAGGTATCAGAAGTGCGAATGCTGACATAAGTAACGATAAAGCGGGTGAAAAGCCCGCTCGCCGGAAGACCAAGGGTTCCTGTCCAACGTTAATCGGGGCAGGGTGAGTCGACCCCTAAGGCGAGGCCGAAAGGCGTAGTCGATGGGAAACAGGTTAATATTCCTGTACTTGGTGTTACTGCGAAGGGGGGACGGAGAAGGCTATGTTGGCCGGGCGACGGTTGTCCCGGTTTAAGCGTGTAGGCTGGTTTTCCAGGCAAATCCGGAAAATCAAGGCTGAGGCGTGATGACGAGGCACTACGGTGCTGAAGCAACAAATGCCCTGCTTCCAGGAAAAGCCTCTAAGCATCAGGTAACATCAAATCGTACCCCAAACCGACACAGGTGGTCAGGTAGAGAATACCAAGGCGCTTGAGAGAACTCGGGTGAAGGAACTAGGCAAAATGGTGCCGTAACTTCGGGAGAAGGCACGCTGATATGTAGGTGAAGCGACTTGCTCGTGGAGCTGAAATCAGTCGAAGATACCAGCTGGCTGCAACTGTTTATTAAAAACACAGCACTGTGCAAACACGAAAGTGGACGTATACGGTGTGACGCCTGCCCGGTGCCGGAAGGTTAATTGATGGGGTTAGCGCAAGCGAAGCTCTTGATCGAAGCCCCGGTAAACGGCGGCCGTAACTATAACGGTCCTAAGGTAGCGAAATTCCTTGTCGGGTAAGTTCCGACCTGCACGAATGGCGTAATGATGGCCAGGCTGTCTCCACCCGAGACTCAGTGAAATTGAACTCGCTGTGAAGATGCAGTGTACCCGCGGCAAGACGGAAAGACCCCGTGAACCTTTACTATAGCTTGACACTGAACATTGAGCCTTGATGTGTAGGATAGGTGGGAGGCTTTGAAGTGTGGACGCCAGTCTGCATGGAGCCGACCTTGAAATACCACCCTTTAATGTTTGATGTTCTAACGTTGACCCGTAATCCGGGTTGCGGACAGTGTCTGGTGGGTAGTTTGACTGGGGCGGTCTCCTCCTAAAGAGTAACGGAGGAGCACGAAGGTTGGCTAATCCTGGTCGGACATCAGGAGGTTAGTGCAATGGCATAAGCCAGCTTGACTGCGAGCGTGACGGCGCGAGCAGGTGCGAAAGCAGGTCATAGTGATCCGGTGGTTCTGAATGGAAGGGCCATCGCTCAACGGATAAAAGGTACTCCGGGGATAACAGGCTGATACCGCCCAAGAGTTCATATCGACGGCGGTGTTTGGCACCTCGATGTCGGCTCATCACATCCTGGGGCTGAAGTAGGTCCCAAGGGTATGGCTGTTCGCCATTTAAAGTGGTACGCGAGCTGGGTTTAGAACGTCGTGAGACAGTTCGGTCCCTATCTGCCGTGGGCGCTGGAGAACTGAGGGGGGCTGCTCCTAGTACGAGAGGACCGGAGTGGACGCATCACTGGTGTTCGGGTTGTCATGCCAATGGCACTGCCCGGTAGCTAAATGCGGAAGAGATAAGTGCTGAAAGCATCTAAGCACGAAACTTGCCCCGAGATGAGTTCTCCCTGACTCCTTGAGGGTCCTGAAGGAACGTTGAAGACGACGACGTTGATAGGCCGGGTGTGTAAGCGCAGCGATGCGTTGAGCTAACCGGTACTAATGAACCGTGAGGCTTAACCTT,0,0,0,0,0,0,0,0,0,0,0,0,0,0,0,0,0,0,0,0,0,0,0,0,1,0,0,0,0,0,0,0,0,0,0,0,0,0,0,0,0,0,0,True
2841,GGTTAAGCGACTAAGCGTACACGGTGGATGCCCTGGCAGTCAGAGGCGATGAAGGACGTGCTAATCTGCGATAAGCGTCGGTAAGGTGATATGAACCGTTATAACCGGCGATTTCCGAATGGGGAAACCCAGTGTGTTTCGACACACTATCATTAACTGAATCCATAGGTTAATGAGGCGAACCGGGGGAACTGAAACATCTAAGTACCCCGAGGAAAAGAAATCAACCGAGATTCCCCCAGTAGCGGCGAGCGAACGGGGAGGAGCCCAGAGCCTGAATCAGTGTGTGTGTTAGTGGAAGCGTCTGGAAAGGCGCGCGATACAGGGTGACAGCCCCGTACACAAAAATGCACATGCTGTGAGCTCGATGAGTAGGGCGGGACACGTGGTATCCTGTCTGAATATGGGGGGACCATCCTCCAAGGCTAAATACTCCTGACTGACCGATAGTGAACCAGTACCGTGAGGGAAAGGCGAAAAGAACCCCGGCGAGGGGAGTGAAAAAGAACCTGAAACCGTGTACGTACAAGCAGTGGGAGCATGCTTAGGCGTGTGACTGCGTACCTTTTGTATAATGGGTCAGCGACTTATATTCTGTAGCAAGGTTAACCGAATAGGGGAGCCGAAGGGAAACCGAGTCTTAACTGGGCGTTAAGTTGCAGGGTATAGACCCGAAACCCGGTGATCTAGCCATGGGCAGGTTGAAGGTTGGGTAACACTAACTGGAGGACCGAACCGACTAATGTTGAAAAATTAGCGGATGACTTGTGGCTGGGGGTGAAAGGCCAATCAAACCGGGAGATAGCTGGTTCTCCCCGAAAGCTATTTAGGTAGCGCCTCGTGAACTCATCTCCGGGGGTAGAGCACTGTTTCGGCAAGGGGGTCATCCCGACTTACCAACCCGATGCAAACTGCGAATACCGGAGAATGTTATCACGGGAGACACACGGCGGGTGCTAACGTCCGTCGNGAAGAGGGAAACAACCCAGACCGCCAGCTAAGGTCCCAAAGTCATGGTTAAGTGGGAAACGATGTGGGAAGGCCCAGACAGCCAGGATGTTGGCTTAGAAGCAGCCATCATTTAAAGAAAGCGTAATAGCTCACTGGTCGAGTCGGCCTGCGCGGAAGATGTAACGGGGCTAAACCATGCACCGAAGCTGCGGCAGCGACGCTTATGCGTTGTTGGGTAGGGGAGCGTTCTGTAAGCCTGTGAAGGTGTACTGTGAGGTATGCTGGAGGTATCAGAAGTGCGAATGCTGACATAAGTAACGATAAAGCGGGTGAAAAGCCCGCTCGCCGGAAGACCAAGGGTTCCTGTCCAACGTTAATCGGGGCAGGGTGAGTCGACCCCTAAGGCGAGGCCGAAAGGCGTAGTCGATGGGAAACAGGTTAATATTCCTGTACTTGGTGTTACTGCGAAGGGGGGACGGAGAAGGCTATGTTGGCCGGGCGACGGTTGTCCCGGTTTAAGCGTGTAGGCTGGTTTTCCAGGCAAATCCGGAAAATCAAGGCTGAGGCGTGATGACGAGGCACTACGGTGCTGAAGCAACAAATGCCCTGCTTCCAGGAAAAGCCTCTAAGCATCAGGTAACATCAAATCGTACCCCAAACCGACACAGGTGGTCAGGTAGAGAATACCAAGGCGCTTGAGAGAACTCGGGTGAAGGAACTAGGCAAAATGGTGCCGTAACTTCGGGAGAAGGCACGCTGATATGTAGGTGAAGCGACTTGCTCGTGGAGCTGAAATCAGTCGAAGATACCAGCTGGCTGCAACTGTTTATTAAAAACACAGCACTGTGCAAACACGAAAGTGGACGTATACGGTGTGACGCCTGCCCGGTGCCGGAAGGTTAATTGATGGGGTTAGCGCAAGCGAAGCTCTTGATCGAAGCCCCGGTAAACGGCGGCCGTAACTATAACGGTCCTAAGGTAGCGAAATTCCTTGTCGGGTAAGTTCCGACCTGCACGAATGGCGTAATGATGGCCAGGCTGTCTCCACCCGAGACTCAGTGAAATTGAACTCGCTGTGAAGATGCAGTGTACCCGCGGCAAGACGGAAAGACCCCGTGAACCTTTACTATAGCTTGACACTGAACATTGAGCCTTGATGTGTAGGATAGGTGGGAGGCTTTGAAGTGTGGACGCCAGTCTGCATGGAGCCGACCTTGAAATACCACCCTTTAATGTTTGATGTTCTAACGTTGACCCGTAATCCGGGTTGCGGACAGTGTCTGGTGGGTAGTTTGACTGGGGCGGTCTCCTCCTAAAGAGTAACGGAGGAGCACGAAGGTTGGCTAATCCTGGTCGGACATCAGGAGGTTAGTGCAATGGCATAAGCCAGCTTGACTGCGAGCGTGACGGCGCGAGCAGGTGCGAAAGCAGGTCATAGTGATCCGGTGGTTCTGAATGGAAGGGCCATCGCTCAACGGATAAAAGGTACTCCGGGGATAACAGGCTGATACCGCCCAAGAGTTCATATCGACGGCGGTGTTTGGCACCTCGATGTCGGCTCATCACATCCTGGGGCTGAAGTAGGTCCCAAGGGTATGGCTGTTCGCCATTTAAAGTGGTACGCGAGCTGGGTTTAGAACGTCGTGAGACAGTTCGGTCCCTATCTGCCGTGGGCGCTGGAGAACTGAGGGGGGCTGCTCCTAGTACGAGAGGACCGGAGTGGACGCATCACTGGTGTTCGGGTTGTCATGCCAATGGCACTGCCCGGTAGCTAAATGCGGAAGAGATAAGTGCTGAAAGCATCTAAGCACGAAACTTGCCCCGAGATGAGTTCTCCCTGACTCCTTGAGGGTCCTGAAGGAACGTTGAAGACGACGACGTTGATAGGCCGGGTGTGTAAGCGCAGCGATGCGTTGAGCTAACCGGTACTAATGAACCGTGAGGCTTAACCTT,0,0,0,0,0,0,0,0,0,0,0,0,0,0,0,0,0,0,0,0,0,0,0,0,0,0,0,0,1,0,0,0,0,0,0,0,0,0,0,0,0,0,0,True
3773,ATGGTGACAAAGAGAGTGCAACGGATGATGTTYGCGGCGGCGGCGTGCATTCCGCTGCTGCTGGGCAGCGCGCCGCTTTATGCGCAGACGAGTGCGGTGCAGCAAAAGCTGGCGGCGCTGGAGAAAAGCAGCGGAGGGCGGCTGGGCGTCGCGCTCATCGATACCGCAGATAATACGCAGGTGCTTTATCGCGGTGATGAACGCTTTCCAATGTGCAGTACCAGTAAAGTTATGGCGGCCGCGGCGGTGCTTAAGCAGAGTGAAACGCAAAAGCAGCTGCTTAATCAGCCTGTCGAGATCAAGCCTGCCGATCTGGTTAACTACAATCCGATTGCCGAAAAACACGTCAACGGCACAATGACGCTGGCAGAACTGAGCGCGGCCGCGTTGCAGTACAGCGACAATACCGCCATGAACAAATTGATTGCCCAGCTCGGTGGCCCGGAAGGCGTGACGGCTTTTGCCCGCGCGATCGGCGATGAGACGTTTCGTCTGGATCGCACTGAACCTACGCTGAATACCGCCATTCCCGGCGACCCGAGAGACACCACCACGCCGCGGGCGATGGCGCAGACGTTGCGTCAGCTTACGCTGGGTCATGCGCTGGGCGAAACCCAGCGGGCGCAGTTGGTGACGTGGCTCAAAGGCAATACGACCGGCGCAGCCAGCATTCGGGCCGGCTTACCGACGTCGTGGACTGTGGGTGATAAGACCGGCAGCGGCGACTACGGCACCACCAATGATATTGCGGTGATCTGGCCGCAGGGTCGTGCGCCGCTGGTTCTGGTGACCTATTTTACCCAGCCGCAACAGAACGCAGAGAGCCGCCGCGATGTGCTGGCTTCAGCGGCGAGAATCATCGCCGAAGGGCTGTAA,0,0,0,0,0,1,0,0,0,0,0,0,0,0,0,0,0,0,0,0,0,0,0,0,0,0,0,0,0,0,0,0,0,0,0,0,0,0,0,0,0,0,0,True
4106,ATGTCACTGTATCGCCGTCTAGTTCTGCTGTCTTGTCTYTCATGGCCGCTGGCTGGCTTTTCTGCCACCGCGCTGACCAACCTCGTCGCGGAACCATTCGCTAAACTCGAACAGGACTTTGGCGGCTCCATCGGTGTGTACGCGATGGATACCGGCTCAGGCGCAACTGTAAGTTACCGCGCTGAGGAGCGCTTCCCACTGTGCAGCTCATTCAAGGGCTTTCTTGCTGCCGCTGTGCTGGCTCGCAGCCAGCAGCAGGCCGGCTTGCTGGACACACCCATCCGTTACGGCAAAAATGCGCTGGTTCCGTGGTCACCCATCTCGGAAAAATATCTGACAACAGGCATGACGGTGGCGGAGCTGTCCGCGGCCGCCGTGCAATACAGTGATAACGCCGCCGCCAATTTGTTGCTGAAGGAGTTGGGCGGCCCGGCCGGGCTGACGGCCTTCATGCGCTCTATCGGCGATACCACGTTCCGTCTGGACCGCTGGGAGCTGGAGCTGAACTCCGCCATCCCAGGCGATGCGCGCGATACCTCATCGCCGCGCGCCGTGACGGAAAGCTTACAAAAACTGACACTGGGCTCTGCACTGGCTGCGCCGCAGCGGCAGCAGTTTGTTGATTGGCTAAAGGGAAACACGACCGGCAACCACCGCATCCGCGCGGCGGTGCCGGCAGACTGGGCAGTCGGAGACAAAACCGGAACCTGCGGAGTGTATGGCACGGCAAATGACTATGCCGTCGTCTGGCCCACTGGGCGCGCACCTATTGTGTTGGCCGTCTACACCCGGGCGCCTAACAAGCCTAACAAGGATGACAAGTACAGCGAGGCCGTCATCGCCGCTGCGGCTAGACTCGCGCTCGAGGGATTGGGCGTCAACGGGCAGTAA,0,0,0,0,1,1,0,0,0,0,0,0,0,0,0,0,0,0,1,0,0,0,0,0,0,0,1,0,0,0,0,0,0,0,0,0,0,0,0,0,0,0,0,True
5016,ATGAACATTAAAACACTCTTACTTATAACAAGCGCTATTTTTATTTCAGCCTGCTCACCTTATATAGTGACTGCTAATCCAAATCACAGCGCTTCAAAATCTGATGAAAAAGCAGAGAAAATTAAAAATTTATTTAACGAAGTACACACTACGGGTGTTTTAGTTATCCAACAAGGCCAAACTCAACAAAGCTATGGTAATGATCTTGCTCGTGCTTCGACCGAGTATGTACCTGCTTCGACCTTCAAAATGCTTAATGCTTTGATCGGCCTTGAGCACCATAAGGCAACCACCACAGAAGTATTTAAGTGGGACGGGCAAAAAAGGCTATTCCCAGAATGGGAAAAGGACATGACCCTAGGCGATGCTATGAAAGCTTCCGCTATTCCGGTTTATCAAGATTTAGCTCGTCGTATTGGACTTGAACTCATGTCTAAGGAAGTGAAGCGTGTTGGTTATGGCAATGCAGATATCGGTACCCAAGTCGATAATTTTTGGCTGGTGGGTCCTTTAAAAATTACTCCTCAGCAAGAGGCACAGTTTGCTTACAAGCTAGCTAATAAAACGCTTCCATTTAGCCCAAAAGTCCAAGATGAAGTGCAATCCATGTTATTCATAGAAGAAAAGAATGGAAATAAAATATACGCAAAAAGTGGTTGGAGATGGGATGTAGACCCACAAGTAGGCTGGTTAACKGGATGGGTTGTTCAGCCTCAAGGAAATATTGTAGCGTTCTCCCTTAACTTAGAAATGAAAAAAGGAATACCTAGCTCTGTTCGAAAAGAGATTACTTATAAAAGTTTAGAACAATTAGGTATTTTATAG,0,0,0,0,1,0,0,0,0,0,0,0,0,0,0,0,0,0,0,0,0,0,0,0,0,0,1,0,0,0,0,0,0,0,0,0,0,0,0,0,0,0,0,True
5261,ATGCGCCATGCGACAATCCTCAACCTGTGCGGCCTCGCCGCTTCCACCCTGTTCTTCGCGACAACATCGGCCTTCGCCACGGAGGCGCCGGCGGAGCGCCTGAAGGCTCTGGTGGACGCCGCCGTGCAACCGGTCATGAAGGCCAATGATATCCCGGGACTGGCCGTCGCCATCACTCTCAAGGGCGAACCGCATTACTTCAGTTATGGGGTGGCCTCGAAGGAGGACGCCCGCAAGGTGACCCCCGAGACCCTGTTCGAGATCGGCTCGGTGAGCAAGACCTTCACCGCCACCCTCGCCGGCTACGCCCTGGCCCAGGACAAGATGCGCCTCGACGACCGCGCCAGCCGGCACTGGCCCGCCCTGCAGGGCAGCCGCTTCGACGGTATCAGCCTGCTCGACCTCGGCACCTACACCGCTGGCGGCCTGCCGCTACAGTTCCCCGATGCGGTGCAGAAGGATCCGGCGCAGATCCGCGACTATTACCGCCAGTGGCAACCGACCTACGCCCCGGGCAGCCACCGCCAGTACTCCAACCCGAGCATCGGTCTGTTCGGCTATCTCGCCGCGCGCAGCCTGGGCCAGCCATTCGAGCGCAGCATGGAACGGCAGCTGTTCCCGGCGCTCGGCCTGGAGCACACCTTTATCCGGGTGCCCGCCGCGCAGCAGGGGCTGTACGCCCAGGGCTACGGCAAGGACGACCGCCCGCTGCGGGTCGGACCCGGTCCGCTGGACGCCGAGGCCTACGGGCTGAAGTCCAGCGCTGCGGACCTGCTGCGCTTCGTCGAGGCCAACCTGCACCCCGAGCGCCTGGAGAAGCCCTGGGCGCAGGCCCTCGACGCCACCCATCGCGGCTACTACAAGGTGGGCGACATGACCCAGGGCCTGGGCTGGGAAGCCTACGATTGGCCGATCGACCTGAGGCGCCTGCAGGCGGGCAACTCGGCGCCGATGGCGCTGCAGGCGCACAAGGTCGCCAGGTTGCCGGCGCCGCAAGCCCTGGACGGCCAGCGCCTGCTGAACAAGACCGGCTCCACCAACGGTTTCGGCGCCTACCTGGCGTTCATCCCGGGACGCGACGTCGGCCTGGTGATCCTGGCCAATCGCAACTACCCCAATGCCGAGCGGGTGAAGATCGCCTACGCCATCCTCAGCGGTYTGGAACAGCAGGCCAAGGTACCGCTGGTGCGCTGA,0,0,0,0,1,1,0,0,0,0,0,0,0,0,0,0,0,0,1,0,0,0,0,0,0,0,0,0,0,0,0,0,0,0,0,0,0,0,0,0,0,0,0,True
5839,ATGATGCAGCATACTTCTGTGTGGTACCGACGCTCGGTCATTCCGTTTGTTCTTGTGGCGAGTGTTGCCGTTTTCTTGACCGCGACCGCCAATCTTACCTTTTTTGATAAAATCAGCCAAACCTATCCCATCGCGGACAATCTCGGCTTTGTGATGACAATCGCTGTCTTGCTCTTTGGTCCGATGCTACTGATCACCACGATGTTATCATCGCATCGCTATGTGCTAAAGACTGTGTTGATTTTGCTCTTAATCATGGACGCGGTGACCAATTATTTTACTGACACTTATGGCACGGTCTATGATACGACCATGCTCCAAAATGCCCTACAGACCGACCAAGCCGAGACCAAGGATCTATTAAACGCAGCGTTTATCATGCGTATCATTGGTTTGGGTGTGCTACCAAGTTTGCTNGTGGCTTTTGTTAAGGTGGATTATCCGACTTGGGGCAAGGGTTTGATGCGCCGATTGGGCTTGATCGTGGCAAGTCTTGCGCTGATTTTACTGCCTGTGGTGGCGTTCAGCAGTCATTATGCCAGTTTCTTTCGCGTGCATAAGCCGCTGCGTAGCTATGTCAATCCGATCATGCCAATCTACTCGGTGGGTAAGCTTGCCAGTATTGAGTATAAAAAAGCCAGTGCGCCAAAAGATACCATTTATCACGCCAAAGACGCGGTACAAGCAACCAAGCCTGATATGCGTAAGCCACGCCTAGTGGTGTTCGTCGTCGGTGAGACGGCACGCGCCGATCATGTCAGCTTCAATGGCTATGAGCGCGATACTTTCCCACAGCTTGCCAAGATCGATGGCGTGACCAATTTTAGCAATGTCACATCGTGCGGCACATCGACGGCGTATTCTGTGCCGTGTATGTTCAGCTATCTGGGCGCGGATGAGTATGATGTCGATACCGCCAAATACCAAGAAAATGTGCTGGATACGCTGGATCGCTTGGGCGTAAGTATCTTGTGGCGTGATAATAATTCGGACTCAAAAGGCGTGATGGATAAGCTGCCAAAAGCGCAATTTGCCGATTATAAATCCGCGACCAACAACGCCATCTGCAACACCAATCCTTATAACGAATGCCGCGATGTCGGTATGCTCGTTGGCTTAGATGACTTTGTCGCTGCCAATAACGGCAAAGATATGCTGATCATGCTGCACCAAATGGGCAATCACGGGCCTGCGTATTTTAAGCGATATGATGAAAAGTTTGCCAAATTCACGCCAGTGTGTGAAGGTAATGAGCTTGCCAAGTGCGAACATCAGTCCTTGATCAATGCTTATGACAATGCCTTGCTTGCCACCGATGATTTCATCGCTCAAAGTATCCAGTGGCTGCAGACGCACAGCAATGCCTATGATGTCTCAATGCTGTATGTCAGCGATCATGGCGAAAGTCTGGGTGAGAACGGTGTCTATCTACATGGTATGCCAAATGCCTTTGCACCAAAAGAACAGCGCAGTGTGCCTGCATTTTTCTGGACGGATAAGCAAACTGGCATCACGCCAATGGCAACCGATACCGTCCTGACCCATGACGCGATCACGCCGACATTATTAAAGCTGTTTGATGTCACCGCGGACAAAGTCAAAGACCGCACCGCATTCATCCGCTGA,0,0,0,0,0,0,0,0,0,0,0,0,0,0,0,0,0,0,0,0,0,0,0,0,0,0,0,1,0,0,0,0,0,0,0,0,0,0,0,0,0,0,0,True
8486,ATGAGTATTCAACATTTTCGTGTCGCCCTTATTCCCTTTTTTGCGGCATTTTGCCTTCCTGTTTTTGCTCACCCAGAAACGCTGGTGAAAGTAAAAGATGCTGAAGATCAGTTGGGTGCACGAGTGGGTTACATCGAACTGGATCTCAACAGCGGTAAGATCCTTGAGAGTTTTCGCCCCGAAGAACGTTTTCCAATGATGAGCACTTTTAAAGTTCTGCTATGTGGTGCGGTATTATCCCGNGTTGACGCCGGGCAAGAGCAACTCGGTCGCCGCATACACTATTCTCAGAATGACTTGGTTGAGTACTCACCAGTCACAGAAAAGCATCTTACGGATGGCATGACAGTAAGAGAATTATGCAGTGCTGCCATAACCATGAGTGATAACACTGCTGCCAACTTACTTCTGACAACGATCGGAGGACCGAAGGAGCTAACCGCTTTTTTGCACAACATGGGGGATCATGTAACTCGCCTTGATCGTTGGGAACCGGAGCTGAATGAAGCCATACCAAACGACGAGCGTGACACCACGATGCCTGCAGCAATGGCAACAACGTTGCGCAAACTATTAACTGGCGAACTACTTACTCTAGCTTCCCGGCAACAATTAATAGACTGGATGGAGGCGGATAAAGTTGCAGGACCACTTCTGCGCTCGGCCCTTCCGGCTGGCTGGTTTATTGCTGATAAATCTGGAGCCGGTGAGCGTGGGTCTCGCGGTATCATTGCAGCACTGGGGCCAGATGGTAAGCCCTCCCGTATCGTAGTTATCTACACGACGGGGAGTCAGGCAACTATGGATGAACGAAATAGACAGATCGCTGAGATAGGTGCCTCACTGATTAAGGATTGGTAA,0,0,0,0,0,1,0,0,0,0,0,0,0,0,0,0,0,0,1,0,0,0,0,0,0,0,1,0,0,0,0,0,0,0,0,0,0,0,0,0,0,0,0,True
